,na,nb,objective,rbf_variance,rbf_lengthscale,noise_variance,train_rms,val_rms,test_rms
0,2,2,-69785.30819520354,3.864943367150872,"[9.28824301746111, 9.560140480922035, 8.680228065464306, 6.404519924146748]",7.374990600626994e-05,0.003997650200763535,0.0038394399914125923,0.004002470301400258
1,2,3,-70437.11813685298,1.0424306007654107,"[9.22589674299788, 9.215524826941323, 8.709972091084133, 9.87612901049999, 6.555714193638575]",7.043413988474007e-05,0.0037557084074110758,0.0036124861340662085,0.0038027711278548785
2,2,4,-63448.169302493334,0.02341032224664314,"[5.23327250765598, 5.409822693458199, 4.535259785244656, 3.5913040834722514, 3.6215503379011564, 4.322175313095146]",8.899334221883631e-05,0.004236099066960396,0.004300713812649807,0.009074606920722645
3,2,5,-65356.13852608204,0.053800202823334094,"[6.01655048618792, 6.117698366446162, 5.158232648434592, 4.538544361513609, 4.698023554887447, 4.364165674124326, 4.228324034122897]",7.373249558105129e-05,0.004007087861138492,0.004100072685250523,0.008766022779207589
4,2,6,-70242.75089800358,0.25928059217879135,"[13.067496349772977, 13.823293671558663, 10.40496617719802, 8.971009313261375, 9.355443865841615, 9.791650326793853, 8.747515786413702, 7.628683550344975]",6.347228643050947e-05,0.0035859590818761266,0.0034753137943941935,0.0038907310068399406
5,2,7,-71064.11210343242,0.45330551530364366,"[15.24565790635665, 15.339857660150686, 10.65921007270227, 9.919746971015716, 10.711295233835052, 11.969717941332672, 12.136265187604232, 10.592306540079347, 9.033682047914796]",6.15893436012047e-05,0.003552628288522576,0.0034361986727953014,0.0036568608228054683
6,2,8,-71110.38401052356,0.9852064831326945,"[17.79452102323391, 18.826292941313117, 15.91797856343651, 14.643485656232256, 13.561922720524228, 13.440066396603337, 14.175642550614063, 14.688180175313487, 14.121648162654843, 12.975453022053884]",6.124785028870482e-05,0.003551318803550721,0.0034340628375677178,0.00362289508234442
7,2,9,-71026.64751979709,3.3020307270226144,"[25.36190996473031, 27.39597360320935, 24.188847194810535, 22.096766745273197, 20.228485729129098, 19.79893101381515, 21.391359648386242, 23.641922196036095, 24.708807901448065, 23.84762384241615, 21.6402437094764]",6.344230846418226e-05,0.0035950572825535526,0.0034641753988463057,0.0036826435010379865
8,2,10,-70301.17916494608,0.9306725773582943,"[22.92719538867112, 24.25444569104307, 19.823055004985147, 19.035444319430777, 18.322743607177088, 17.92316310253831, 18.28006474418672, 19.298171997739487, 20.216944829548105, 20.14331010385846, 18.384729526911975, 14.964791088944724]",6.468954487332517e-05,0.0036435767481429043,0.003507473054088374,0.0038551815201052814
9,3,2,-69669.20583704114,5.865298124262324,"[16.59818447892733, 17.4225504204424, 16.252392583640606, 14.001944232116424, 8.98446056461855]",6.935818508275442e-05,0.004011699478722862,0.0038596641534076317,0.004029677780494448
10,3,3,-70089.01523092389,1.2304905137993474,"[10.284611809711965, 9.833797547725013, 10.580865932972575, 12.193395327594175, 10.974617754366726, 7.179175628861096]",6.629131504955276e-05,0.003793964738835641,0.0036521400045958917,0.0038538039745357436
11,3,4,-65475.31191930175,0.1511119328493177,"[6.885856242305133, 7.361642322611977, 7.298193832241164, 6.980253905359131, 6.76376607528094, 6.287354654236482, 5.793484604924655]",8.28055224773677e-05,0.004125845822324062,0.004166458683660396,0.005820584858086059
12,3,5,-70859.24171116948,0.6516119613825323,"[14.45284521848561, 13.435735561312246, 15.476014482035032, 14.450498257104362, 12.698357184189364, 13.18719421987082, 10.317147216866665, 8.248731096006845]",6.365509844980075e-05,0.0036198780367307174,0.003489090568783742,0.0037046448631203378
13,3,6,-70689.18324416876,0.710400748028569,"[15.855688311905917, 14.745027838755663, 16.735532222391793, 14.078727700195863, 12.33390365508563, 12.864862013543899, 13.446559601815634, 12.166283725073328, 10.621906237577356]",6.56990956170294e-05,0.0035949627441212184,0.003471596768961925,0.003730143101850157
14,3,7,-70629.35658493638,0.6730145311768371,"[17.654294982658104, 16.669863262981238, 19.238361629387096, 14.245789295800357, 13.079347887276633, 13.281304764757653, 13.74116430539983, 13.193835038348174, 12.132950786104388, 11.574528345560608]",6.791755152778715e-05,0.0035920657368550325,0.003467966849616995,0.003790081375249973
15,3,8,-70873.8649585247,0.7670881144323068,"[16.615352426102692, 16.898024159682652, 17.475106086602885, 15.292626361214293, 14.202829017908266, 13.470034430199183, 13.365050038369947, 13.608236518186867, 13.75475811653785, 13.567036134458172, 13.370192112178966]",6.081530675787987e-05,0.003555589641959551,0.003432297493265262,0.003655763672890522
16,3,9,-70807.77666041255,3.716231511907721,"[26.27196410044182, 27.663230753661306, 28.57172501633486, 26.050779972365508, 23.90212677209011, 22.029814411767507, 21.650720692573863, 23.19444518115865, 25.362779750367487, 26.524117132620407, 26.19330305002441, 24.87081884186289]",6.071354809297753e-05,0.0036063539705709965,0.0034773197342528044,0.00368510970594667
17,3,10,-67875.56864789128,0.22242362624052273,"[13.99115575737401, 14.867687727446054, 15.553592393188023, 12.212330406938632, 11.689977428233721, 11.260392818188048, 11.101972043030136, 11.385134005958436, 11.942154060264976, 12.312979861100436, 12.157920013595037, 11.401453109505939, 10.256999810122247]",7.474938873430032e-05,0.003918271162525886,0.0038522335477658154,0.00589998938512522
18,4,2,-69271.45026788116,1.6019762576503886,"[15.878269674686912, 18.91709374470114, 18.9858416740291, 15.676671050686382, 12.581843114336776, 6.997862379879034]",7.87969190332903e-05,0.004020861726005126,0.003872603153182497,0.004035215136969367
19,4,3,-66437.67378509045,0.12349400537276467,"[6.614744863797046, 6.418464322618785, 6.332001191014143, 6.854253119900415, 7.200874942623541, 6.847630888340827, 4.926502836305545]",8.209720553314776e-05,0.003975079184573413,0.003898003884600655,0.004690892677138714
20,4,4,-69174.21045258641,0.33834112853959925,"[12.413397249087133, 10.21431397034874, 10.397820592666509, 13.444955518782994, 11.561215171268357, 10.188811705620353, 8.619985297161215, 7.3301650552106485]",6.839054124461896e-05,0.0037188190171443033,0.0035970113565054226,0.0039051319505693178
21,4,5,-70779.64123028517,1.7038916392021553,"[21.18926925801597, 17.07995984866238, 16.92434724776018, 21.90580821599021, 19.566445727284577, 16.516313771757716, 17.204119583288673, 13.949119404492313, 12.335736821202]",6.753290194024598e-05,0.0036515015071527084,0.003510409088323547,0.003753761226161198
22,4,6,-69109.4312159419,0.2967436151445986,"[12.830740154, 11.471487140706067, 11.514257622022086, 13.529234274468593, 11.331257637503295, 10.373869068562264, 10.370897638497018, 9.73749383886413, 8.720270039996805, 8.76137695170537]",7.128823891749023e-05,0.003680689898029514,0.0036306302563504883,0.004460210836532579
23,4,7,-70950.18452200294,1.7038011867330918,"[21.436594145289835, 20.873958689215744, 20.83670581539832, 22.42922971678284, 17.911356171050876, 17.517207917100272, 17.715948092197458, 17.51172342967171, 16.44466286729486, 15.396127111568122, 15.177442533810828]",5.894152322146004e-05,0.003608345487470435,0.003477327218825166,0.0037072357631264866
24,4,8,-70216.36747816205,4.475830743257623,"[30.17971941500684, 29.820173300110824, 30.055612216586145, 30.872004274710864, 27.661243773055705, 25.94645603729411, 24.68473925971279, 24.179331428273194, 24.172679423302778, 24.45481268921258, 24.711143412339037, 24.97301730736911]",6.220910663557061e-05,0.0036880633239621177,0.0035784249286957785,0.0041224240122143775
25,4,9,-70080.98022255301,1.951303581332368,"[25.044438406840666, 25.89544425809154, 26.299036874523875, 26.74167805414, 24.023824153636866, 21.933720389561127, 20.144571585266007, 19.428715019146395, 20.15129827552409, 21.7649611003849, 23.245413418241636, 23.984910601960575, 23.93291132208077]",6.678076247584195e-05,0.0036241341794667685,0.003499156463718435,0.0037532256300772653
26,4,10,-68347.57973632216,0.26104423721757014,"[18.158018988542903, 18.701646160643943, 19.329332439487764, 20.71544952185845, 16.88149631091365, 15.908596460702785, 15.078720376639417, 14.74494480708969, 15.093332420325696, 15.851791732502386, 16.41767036980038, 16.447381787694365, 15.913742220804092, 14.649750197610244]",6.700601413758259e-05,0.003711008373811219,0.003633387996161184,0.0043998322085551074
27,5,2,-68199.20533269644,1.3798181850716449,"[13.867318491126037, 14.601253730454925, 15.08955828259822, 14.240208501303194, 13.258781690929526, 14.174727175404607, 10.831134513647749]",7.905939728566647e-05,0.004057959888752349,0.003921361414985083,0.004092532329821019
28,5,3,-64897.13402801752,0.1282774539956074,"[8.168201108040684, 7.052512733463922, 6.6642827214888, 6.92223486443411, 7.85558819856512, 8.12167980280029, 7.248586637644965, 5.067948546730391]",9.194501321676937e-05,0.004227597848085152,0.004154909452164893,0.0052905467760494046
29,5,4,-69982.46688312292,0.5623246444947082,"[15.029728141186453, 11.841432597785543, 11.563619568017875, 12.339062187447235, 15.99976123848118, 14.30393084536415, 12.605247265593272, 11.045375430979554, 7.015280351374087]",6.52861517059412e-05,0.0036981198612262593,0.0035583034442566923,0.0037257591517220077
30,5,5,-70096.73300874233,0.6851752864077465,"[16.078479633774933, 13.86857004214232, 13.54111341717308, 13.990333059728243, 16.932847184161588, 14.797669120089822, 13.380759562495703, 13.400318862448342, 11.55890196937485, 9.22174593520678]",6.678963340024752e-05,0.0036674550816045174,0.0035526194276572203,0.00385284888219222
31,5,6,-70636.66846987605,2.2227110112030544,"[26.087265429445296, 24.0954633597701, 23.663503914847123, 23.433458848266376, 26.9885957077238, 24.09568691362251, 23.14083974506118, 23.016225194514128, 21.3134144351974, 18.885224686070533, 18.083887009535765]",6.343881521812618e-05,0.0036489513207902456,0.0035076041321379058,0.0038072628793098416
32,5,7,-69313.83310908079,0.34260282675594705,"[15.586119198534906, 14.827386032621197, 14.609447654218162, 14.580447341719102, 15.794940116749583, 13.881838601827615, 13.476457675484209, 13.023081318235388, 12.293170692135591, 11.46040755637731, 11.052260554277874, 11.17302142650895]",6.818570183595238e-05,0.003686917343876686,0.003590034264488983,0.004057428781288979
33,5,8,-70184.19334176183,4.682131854456177,"[35.63066842716637, 34.67947115373218, 35.09322899411986, 35.37838745762322, 37.00173116437344, 32.605843175156856, 31.56356150635789, 30.493785522274244, 29.507284332239767, 28.60424682167841, 28.247957584460295, 28.554115731516234, 29.38316566711969]",6.684059313318432e-05,0.0037079740029309907,0.0035966531033851143,0.004142005488788553
34,5,9,-68652.35711854696,0.6713037500084154,"[20.4716788273782, 19.288756723248994, 19.092788664259594, 19.73791292179178, 21.55669762318482, 18.66994014397705, 17.220974718301346, 16.05064904319671, 15.450819109079866, 15.50688887068061, 16.021424323506743, 16.699396488124375, 17.286369011523362, 17.60867281401718]",6.735283787929027e-05,0.0037089220772185466,0.00360548012397946,0.004101856353007459
35,5,10,-69643.06570154428,0.9592360382560841,"[23.230758873093063, 22.756453458575155, 23.082724712795713, 24.218610466514033, 26.16439221614926, 21.4097417666363, 19.900545050826032, 18.698757425407724, 18.04179508898037, 18.126430299972768, 18.77193435874856, 19.544223196333075, 20.01054580901105, 20.162572423809515, 19.63751521088172]",6.74427866978103e-05,0.003619631431308386,0.003517215404037181,0.003938767940836726
36,6,2,-68798.48323240876,3.3758194895220797,"[21.569615007805034, 20.435634298335007, 19.833522415803035, 20.26856077749868, 21.162222975567598, 21.788033115352444, 19.04221285728778, 15.544873269365665]",7.742407144689816e-05,0.004038737732004366,0.003891325354525003,0.004059724522763408
37,6,3,-69581.80531537533,1.6806647975797024,"[27.335854931931582, 23.919863454185617, 23.079638922234757, 23.306798759606288, 24.15400757502199, 29.405311231772025, 27.54812371628234, 21.62870676800525, 11.414153271767793]",7.298942697648537e-05,0.003906207758858046,0.0037719557977132006,0.003929584446604981
38,6,4,-69387.38122138381,1.0975604951107405,"[22.203750318966293, 20.474395051184228, 19.75024228814165, 18.947452835543462, 19.31701464178881, 23.91986004124243, 22.154827705789437, 20.228625012903834, 17.83690526547279, 10.186973099157761]",7.324813693628236e-05,0.0038487758775661574,0.0036937993819079864,0.0039208720484114655
39,6,5,-69798.22116965055,1.849160717935257,"[25.953735268869934, 24.02845038329395, 23.08056478654938, 22.393092739784556, 22.71434855248135, 26.937698778761956, 24.276867534458525, 22.95335906490662, 22.593324908020982, 19.033235463054563, 15.010737572074705]",6.907141641628542e-05,0.0037871618165428627,0.0036277044039378114,0.003854659501181122
40,6,6,-70722.75271782279,3.487862623537627,"[29.664167714346696, 28.112266015174725, 27.28761991514297, 27.113629473429167, 27.734258729026614, 30.790442510615772, 26.928088945584733, 26.17371141314816, 25.694285934299145, 23.90859173216365, 21.550390307195123, 20.104643921923266]",6.442485272833954e-05,0.0036640209122392473,0.0035317590223456013,0.003825438005613448
41,6,7,-69275.14861735702,1.5217049207992375,"[23.83350188945109, 22.703372054470393, 22.00379365156766, 21.7824263845804, 22.468319818227624, 24.428104917095315, 22.47902956534802, 21.869995705679777, 20.906402759710137, 19.598777697125684, 18.26209682979334, 17.64672603242288, 17.89265303081107]",6.996737817379094e-05,0.0037342019077899052,0.0036504244647151923,0.004026537346518207
42,6,8,-68799.33882761002,0.8818380111408954,"[20.303518443305293, 19.456218945062307, 18.920731405167345, 19.1143799142402, 19.960210011194558, 21.188244474461438, 18.17614752750559, 17.766214192488363, 17.152364541025214, 16.49751655304245, 15.915947090413168, 15.670208697423497, 15.811833296960708, 16.229117939168656]",6.616188218452631e-05,0.0038567037339419124,0.0038179471484680646,0.00531578279059957
43,6,9,-69024.20461043715,1.3775451142002844,"[27.283187032314476, 25.5909230358002, 23.990018641164653, 23.787353543886688, 25.488747707339378, 27.816963170869005, 23.333508006824996, 22.225340525196817, 21.24531026933433, 20.496417264723902, 20.138635946311453, 20.270907108544364, 20.833959141912587, 21.662948490112324, 22.58221634898451]",7.084189641455594e-05,0.0037691939555722794,0.003676906975066971,0.004527470491381562
44,6,10,-69104.17145571113,1.670748229115103,"[32.90904657344241, 30.446399193320175, 28.462770551276854, 28.94982363396639, 32.096623627873676, 35.7717270235353, 28.213412296409363, 26.162123276561875, 24.686592854609238, 23.929975257686184, 23.840669265784026, 24.17635257010869, 24.717105333620374, 25.118911297757847, 25.517666029247994, 25.332107451489357]",7.17661058551048e-05,0.0037596383413589208,0.0036755325504140802,0.004623045711498288
45,7,2,-68213.85418105125,2.2476046779322325,"[23.10069852562756, 20.71327668475826, 19.444066036838233, 18.515992449734828, 19.618987279746943, 21.160074019237765, 24.593192198414897, 24.218634801731486, 14.165456899384221]",8.095909467532754e-05,0.0040744955236493635,0.003939273486456598,0.004114557321550078
46,7,3,-68985.8418609798,3.016810428164793,"[38.54873493427742, 34.13227529634615, 31.737625695627518, 31.531399706640535, 32.46378643612167, 34.699672138619604, 39.85763210289667, 41.52365237161868, 40.51647595101268, 16.588938861338523]",7.705017008671945e-05,0.003967310047829492,0.0038530226116155948,0.0040179677968025795
47,7,4,-69462.82285833359,2.0599485523717576,"[27.724478178271976, 26.529054040410717, 25.5126910612189, 24.561627149349583, 24.513604724270966, 25.341355095289348, 27.457562286046883, 26.674541188623234, 27.15951848149747, 24.677531105419572, 14.714554820452866]",7.247290248585648e-05,0.003824386151224778,0.0036651430110231854,0.0038189126884704662
48,7,5,-69727.09294342995,1.5720500352131823,"[23.63834802497495, 22.370807081329485, 21.162581451132198, 20.26597454822657, 20.289609090335688, 21.240598366423654, 23.145661587028446, 22.792277643375392, 21.98457014514628, 20.900968873616204, 17.97984134833192, 14.154849075687947]",6.739104324601988e-05,0.003719833430767913,0.0035778328097995455,0.0038201201917964587
49,7,6,-70098.61744382977,2.2753988761956143,"[26.980237242009693, 25.63054835080647, 24.641470164112864, 24.544278538005784, 25.539545932551952, 26.88488066298864, 28.302901740055425, 26.789500579600887, 25.952183287475535, 24.449189639955893, 21.976763738675963, 19.674232540337833, 18.751397759766306]",6.890939101718773e-05,0.003708613200406315,0.0035714879589406664,0.003959598442460019
50,7,7,-69636.20712947845,2.0310005038600587,"[25.11808589424393, 23.9326549678473, 22.92645049065242, 22.754247754371555, 23.778534544275523, 25.43062650880826, 26.996733716826903, 24.43344342290407, 24.03369981202205, 23.018114925083314, 21.614930344953834, 20.252710834627266, 19.62217998972952, 19.833566383808343]",6.650775971988817e-05,0.00376246356667804,0.003670911843376136,0.0042598068118600615
51,7,8,-69603.58072820306,4.360788640829521,"[40.15817765042395, 38.14279578235093, 36.223089648316574, 35.35591119690415, 36.375367283921584, 38.8126691438936, 41.786965883228845, 36.538395494950656, 35.79924072040706, 34.50186825911743, 32.99402987232991, 31.553567583127773, 30.688764251056913, 30.64244114014562, 31.275917105031002]",6.850253683925644e-05,0.0037903224734342827,0.0036869629252313757,0.004335349694407579
52,7,9,-69149.28000661731,1.6724507706278848,"[27.307357866180844, 25.726188789036115, 23.580446212911358, 21.93184083602723, 22.371227571710797, 25.06300212612058, 28.167092872656475, 22.478169606826913, 22.0055689974615, 21.55580614038458, 20.99625917864167, 20.384939741027328, 19.806048445436588, 19.435128819491286, 19.384497247713945, 19.705855323864466]",7.704829819908496e-05,0.003767848761176806,0.0036623267606057637,0.004578839174126974
53,7,10,-69887.55540272593,5.8376280905864135,"[51.690031195805396, 47.73646319424534, 42.8801379970194, 40.01656094967832, 42.52982576949966, 49.22266530564115, 55.87275585289435, 42.11406917339291, 39.72051566075799, 38.349038748869745, 37.74230157660895, 37.501621434042065, 37.28687728691111, 37.0151893874107, 36.59922264414984, 36.433628142452754, 36.196738763273856]",6.864433792763875e-05,0.0037426667258941564,0.0036391331336897456,0.0044086219258793104
54,8,2,-68029.99278244376,2.8309302323674603,"[36.25128767336761, 32.29843694221794, 29.849745905894476, 28.394322043361242, 27.982398563366324, 28.906790198212484, 31.673294265561594, 38.31597966850714, 32.77742936103977, 17.936756629426878]",8.235422051873757e-05,0.0041117918400350355,0.003992195682464006,0.0041862126674765575
55,8,3,-68175.358723104,1.3585808226383942,"[25.814594957235766, 23.927961444937356, 22.311665998364116, 21.332487998983577, 21.415632281466078, 22.4559619590655, 23.748820238946376, 25.469900719232466, 24.59139651986043, 28.751739623190726, 13.329500130422524]",8.193120130787902e-05,0.003994927212731326,0.0038848982627296847,0.00405384049505076
56,8,4,-68919.1632874012,1.8313382052989176,"[26.381873277816307, 24.706324635751606, 23.208829224116254, 22.241169855470286, 22.169310018236683, 23.022098329630396, 24.377877021520803, 25.9742690012947, 23.59941582936101, 26.429346675897136, 26.18339353842343, 16.421300650036006]",7.486783269319039e-05,0.0038513968971532584,0.0036911690911960752,0.0038591262466829766
57,8,5,-68790.55652034283,1.6585942425223708,"[27.03158250272135, 25.515929898965734, 24.142703982497224, 23.127219491718716, 22.8494843913511, 23.391100766227357, 24.61207109874318, 26.70982223427148, 24.934147970648855, 24.25470926852045, 24.02009967497455, 22.245397212603137, 18.499161695991337]",7.619173739507679e-05,0.003823090741983097,0.003661867785072096,0.003916862191104136
58,8,6,-69577.99074372649,2.856000896035779,"[31.921759834804032, 30.332972005288337, 28.406953222287804, 26.985571114066396, 26.899227358326762, 28.316508444832465, 30.236063462381306, 31.94852058464732, 30.90193213187363, 29.447057839737838, 27.56589062371285, 25.601990643773487, 24.06636515979761, 23.62357554685122]",7.112674490490157e-05,0.003760881934440436,0.003615059408046802,0.003977360970636812
59,8,7,-69340.75034061074,3.1809055056192506,"[40.82718213451452, 38.486268943859635, 36.07587259040732, 34.46379151006721, 34.5863348526731, 36.63076871586717, 39.55970260596959, 42.64416571326871, 38.84447537780676, 37.4405124964345, 35.616635234345075, 33.36480633721214, 31.099913681866376, 29.356749336540418, 28.70104095990237]",6.989893864647889e-05,0.00383963974852648,0.003696143944746145,0.004128337907112235
60,8,8,-69555.50585460663,3.6546572336402168,"[41.50827156438879, 39.330341623737034, 37.058894854256806, 35.48987392230217, 35.50244016865695, 37.402965129759, 40.41443170723568, 43.61519463036841, 38.597429093306964, 37.82713490790695, 36.4825150050721, 34.85240220878546, 33.19171278476891, 31.907336460399755, 31.27475045270689, 31.352170855450037]",6.964070709152709e-05,0.003766859850587443,0.0036618958213570484,0.0042307203083759215
61,8,9,-69583.07068449259,5.601605451632583,"[48.30475703469041, 46.28447130343643, 43.81030524226248, 41.56037606106093, 40.74670901487821, 42.58056895983081, 46.93451943124016, 52.23930014011943, 42.54820218824983, 42.030659311823484, 41.45020598959021, 40.54270243022902, 39.37060552689502, 38.107028353718526, 37.00863184515503, 36.38546209046089, 36.44654332941412]",7.211400394025473e-05,0.0037701429115285096,0.003660011693154057,0.0043699622986451275
62,8,10,-69673.10152354836,2.492423818287563,"[42.6264598468637, 40.31658671745151, 37.45900206546949, 34.91312238115366, 34.29611086451545, 36.926201575843045, 42.03517546409298, 47.64036804474925, 35.91636716354494, 34.43995593377389, 33.71343082389845, 33.38915518872336, 33.15013018299029, 32.77207478213636, 32.2056886226516, 31.435047572439533, 30.82280044826154, 30.45362257168692]",7.093124611956485e-05,0.0037873212135150444,0.003676694585653245,0.004634074310046298
63,9,2,-68500.36376258731,6.319069492729609,"[53.17836799879295, 50.308146319155185, 47.0993026442784, 44.06540497783696, 42.47256231582181, 43.00148299266671, 45.22035886984659, 47.93989810130921, 53.99557169743817, 56.56062511505055, 18.172435846786456]",7.779984531242828e-05,0.004084182244157683,0.003955289087228198,0.004134604248910468
64,9,3,-68096.69392985106,6.951717944428433,"[42.00009430806291, 39.510548593314894, 37.04126421353716, 34.5967331019202, 33.16169349300283, 33.065633694487694, 35.01738514344807, 38.25126322221755, 41.94615501404523, 40.6172709203688, 45.179939733982756, 19.358991938976004]",7.516196067537797e-05,0.003964889291847903,0.003851030415178183,0.004010286023623964
65,9,4,-68563.7311821878,4.173131314742302,"[42.943816928244686, 40.41532025237622, 38.42548676811951, 36.64747454572303, 35.28390091369044, 34.62489811841549, 35.49732364314763, 37.99048951666336, 41.71297245153555, 41.65035104629383, 43.43040461702981, 38.93775607190933, 18.50058443763452]",8.139480517921745e-05,0.00394969106664722,0.0038219099833619453,0.003989500920694868
66,9,5,-68940.54544353485,3.298424283714784,"[31.88582764372738, 31.2879742793364, 29.79717526830526, 27.826485971462937, 26.407975988146976, 26.303616945248205, 27.937290996555042, 30.342250951872895, 31.930134042097777, 31.47935722409116, 32.85049633212942, 33.06160151079551, 29.324381702978474, 22.341655291062125]",7.311756556154276e-05,0.00389198210596174,0.0037390776980808053,0.00393583300111768
67,9,6,-68194.00706151128,0.7536755370063909,"[23.46298868352833, 22.708248209847795, 21.38955322026223, 19.985330196570107, 19.129773804153146, 19.304997371148858, 20.81683382447409, 22.959464178223875, 24.62564783250051, 23.69979660081198, 22.76025707807527, 21.82375811702705, 20.903255768868334, 19.896963089193353, 19.08110681582331]",7.203967460740187e-05,0.0038699738749540555,0.003769733581061889,0.004245681825878055
68,9,7,-69214.72120428085,2.473929508174003,"[31.645319051765423, 30.251904830022728, 28.93794558004798, 27.912163082173688, 27.340793390259126, 27.54668347018427, 29.066761673711497, 31.90748812787833, 35.31590148765278, 32.20195359195985, 31.20966165247638, 29.799367650726982, 27.98566480249032, 25.89799141961104, 24.07778449105467, 23.38668168379114]",7.281022139457561e-05,0.003764681084593269,0.003641444264253713,0.004086420428784593
69,9,8,-69787.10388797522,10.217989823527757,"[48.39089744939916, 46.64304761131053, 44.87367719436473, 43.38234591805576, 42.51087083276538, 42.84581238411749, 45.12097518808648, 49.21507175453374, 54.08924307420039, 47.51229091830706, 46.661791003898955, 45.121801198495405, 43.02317453044272, 40.677875643328974, 38.57254677964197, 37.32896596968016, 37.43798737003749]",7.169380864363445e-05,0.003739131368383668,0.003613199510729621,0.0041361740968857965
70,9,9,-69826.49848747253,4.958131700624441,"[45.22434021600717, 43.59338720012803, 41.95130871805184, 40.47017525681089, 39.48467440921259, 39.62862914024387, 41.64184117056703, 45.509900945488084, 50.349428555961595, 41.712456025505276, 41.253481991064426, 40.659134898329896, 39.69610340239576, 38.41655005093322, 37.00048335791034, 35.75048440370415, 35.01111508760572, 35.17568954935586]",6.892448755099732e-05,0.003758587892712915,0.003644113702127294,0.004387623844004815
71,9,10,-69910.15321326256,4.583750538615539,"[48.135421695679376, 46.19460146376434, 44.14477342645145, 42.13983965854787, 40.76284450307276, 41.14406146057433, 44.27295126897754, 49.67942363105231, 55.742688275096626, 42.982010175528266, 41.564574703822665, 40.83921584506964, 40.399745092081325, 39.92460995961358, 39.21268247853841, 38.30078999099761, 37.25452629955369, 36.5537177897631, 36.37902962196037]",6.781735414571902e-05,0.003766080433496106,0.0036545176777940383,0.004476248388866979
72,10,2,-67857.77008415759,5.515325142841581,"[41.43252026869106, 40.492631767560674, 38.84686496762287, 35.7280293583666, 33.37832200944763, 32.258562643012716, 32.294010413229095, 33.62367128222956, 36.16370176805967, 41.18156948419214, 48.04349846519068, 21.68103248916929]",8.23232767844583e-05,0.0041098061360208115,0.003984740029879853,0.004182436341370714
73,10,3,-68078.29999449849,3.5695396979960075,"[36.17889692928566, 33.808417581918604, 31.793971716761437, 29.997157889736307, 28.490584539314913, 27.497617141406607, 27.49129248620651, 28.94289740042645, 31.589308025238342, 35.14935655534638, 36.34665989055319, 38.17775039313959, 19.98649117536634]",7.202602795702299e-05,0.003975861773603508,0.0038561811949877627,0.004031026505990882
74,10,4,-67749.13973265886,0.797920800439805,"[23.51020099194319, 21.909570263156294, 20.613028427182904, 19.567847480269382, 18.75315647971086, 18.185512123812334, 18.15196899444121, 19.00220012479107, 20.63550770970584, 22.975400467010473, 24.046504411844303, 24.939458772632726, 22.858371060471242, 13.118771772370517]",7.741277844690177e-05,0.003978716710747881,0.003848301678294058,0.004107429860264188
75,10,5,-68042.7585246265,1.6876877603065603,"[26.491116834499543, 25.336510790870108, 24.130412831808997, 23.010906358991605, 22.13528222527834, 21.673312249431063, 22.025448613880343, 23.495121230450202, 25.47005308372323, 27.206531028921592, 28.069526267067893, 29.24850225375365, 28.719503245555465, 24.972254747407277, 19.285074816841863]",7.125989145940296e-05,0.003957367155532432,0.0038423549841955966,0.004068622857390267
76,10,6,-67558.03528252244,0.5819600806992155,"[19.45034234639536, 18.473876713252043, 17.437274725811466, 16.527882000804574, 15.895155961557716, 15.64964312341852, 16.06698501292761, 17.36967282982089, 19.140120566885276, 20.84887883159806, 20.594893214914944, 20.404966211642204, 19.844765063026742, 18.520624059560987, 16.577396457374427, 14.798885932187389]",7.392521974455008e-05,0.003967555492487002,0.0038675781223647386,0.004511179932099274
77,10,7,-66949.78748469055,0.5752988999214416,"[20.11312281532498, 18.918191336196212, 17.96929748724944, 17.343645223890192, 16.982215796151795, 16.866858552023317, 17.23076489032681, 18.397798126027794, 20.30742002641682, 22.67790048220578, 20.50467661420348, 19.99068231888109, 19.290863736525747, 18.336635812329913, 17.098466620375138, 15.91016797237057, 15.082860270507439]",7.82163847047985e-05,0.004013379902751917,0.003890150050356955,0.005140170597356872
78,10,8,-69426.6411151886,4.78085797999368,"[44.690534668939286, 42.41741067327079, 40.76216610233909, 39.75199367349626, 39.15339849995968, 38.973139490413544, 39.84479451211162, 42.55610916151228, 46.97895983495664, 52.28635620672883, 44.6819151688618, 43.531383260640716, 42.157827603138244, 40.5393936625874, 38.803535676169176, 37.106888017046685, 36.037835410810395, 35.76494443190776]",7.401453375872938e-05,0.0037675561892288787,0.0036364760643504803,0.004174195270234609
79,10,9,-68632.5804104209,3.77346482552117,"[48.46232214890404, 46.140403622554295, 44.66286244812581, 43.70850286405806, 42.936718482480885, 42.476349082970565, 43.195667083595275, 46.143287236535464, 51.283835907707356, 57.464035805477934, 46.69517255272219, 45.468144934017296, 44.31481567943251, 43.09321857924878, 41.79313191974886, 40.520359298718745, 39.23023725336365, 38.28364105336105, 37.587351970099974]",7.377674304584773e-05,0.0038156326689523555,0.0037024447235949054,0.004374432047992127
80,10,10,-69424.2300759852,4.147579150754398,"[45.27807255083077, 43.27982498566687, 42.00698616267838, 41.08748275503265, 40.22934520078308, 39.61292674408228, 40.1255465013786, 42.84556452730057, 47.88113060480361, 54.041745708606534, 41.465235685395264, 40.19211451228227, 39.573862418433116, 39.20142812565977, 38.740380250750924, 38.00914176893599, 37.01943691919268, 35.81300264377127, 34.833878720449, 34.24488031984948]",7.08879219599838e-05,0.003776564084942985,0.0036732134706990768,0.004540617940446448
